department_code;department_name;municipality_code;municipality_name;type;longitude;latitude
5;antioquia;5001;medellín;municipio;-75,581775;6,246631
5;antioquia;5002;abejorral;municipio;-75,428739;5,789315
5;antioquia;5004;abriaquí;municipio;-76,064304;6,632282
5;antioquia;5021;alejandría;municipio;-75,141346;6,376061
5;antioquia;5030;amagá;municipio;-75,702188;6,038708
5;antioquia;5031;amalfi;municipio;-75,077501;6,909655
5;antioquia;5034;andes;municipio;-75,878828;5,657194
5;antioquia;5036;angelópolis;municipio;-75,711389;6,109719
5;antioquia;5038;angostura;municipio;-75,335116;6,885175
5;antioquia;5040;anorí;municipio;-75,148355;7,074703
5;antioquia;5042;santa fé de antioquia;municipio;-75,826648;6,556484
5;antioquia;5044;anzá;municipio;-75,854442;6,302641
5;antioquia;5045;apartadó;municipio;-76,625279;7,882968
5;antioquia;5051;arboletes;municipio;-76,426708;8,849317
5;antioquia;5055;argelia;municipio;-75,14107;5,731474
5;antioquia;5059;armenia;municipio;-75,786647;6,155667
5;antioquia;5079;barbosa;municipio;-75,331627;6,439195
5;antioquia;5086;belmira;municipio;-75,667779;6,606319
5;antioquia;5088;bello;municipio;-75,555245;6,333587
5;antioquia;5091;betania;municipio;-75,97679;5,74615
5;antioquia;5093;betulia;municipio;-75,984452;6,115208
5;antioquia;5101;ciudad bolívar;municipio;-76,021509;5,850273
5;antioquia;5107;briceño;municipio;-75,55036;7,112803
5;antioquia;5113;buriticá;municipio;-75,907;6,720759
5;antioquia;5120;cáceres;municipio;-75,35205;7,578366
5;antioquia;5125;caicedo;municipio;-75,98293;6,405607
5;antioquia;5129;caldas;municipio;-75,633673;6,091077
5;antioquia;5134;campamento;municipio;-75,298091;6,979771
5;antioquia;5138;cañasgordas;municipio;-76,028228;6,753859
5;antioquia;5142;caracolí;municipio;-74,757421;6,409829
5;antioquia;5145;caramanta;municipio;-75,643868;5,54853
5;antioquia;5147;carepa;municipio;-76,652652;7,755148
5;antioquia;5148;el carmen de viboral;municipio;-75,333901;6,082885
5;antioquia;5150;carolina;municipio;-75,283192;6,725995
5;antioquia;5154;caucasia;municipio;-75,197996;7,977278
5;antioquia;5172;chigorodó;municipio;-76,681531;7,666147
5;antioquia;5190;cisneros;municipio;-75,087047;6,537829
5;antioquia;5197;cocorná;municipio;-75,185483;6,058295
5;antioquia;5206;concepción;municipio;-75,257587;6,394348
5;antioquia;5209;concordia;municipio;-75,908448;6,045738
5;antioquia;5212;copacabana;municipio;-75,509384;6,348557
5;antioquia;5234;dabeiba;municipio;-76,261614;6,998112
5;antioquia;5237;donmatías;municipio;-75,39263;6,485603
5;antioquia;5240;ebéjico;municipio;-75,766413;6,325615
5;antioquia;5250;el bagre;municipio;-74,799097;7,5975
5;antioquia;5264;entrerríos;municipio;-75,517685;6,566273
5;antioquia;5266;envigado;municipio;-75,582192;6,166695
5;antioquia;5282;fredonia;municipio;-75,675072;5,928039
5;antioquia;5284;frontino;municipio;-76,130765;6,776066
5;antioquia;5306;giraldo;municipio;-75,952158;6,680808
5;antioquia;5308;girardota;municipio;-75,444238;6,379472
5;antioquia;5310;gómez plata;municipio;-75,220018;6,683269
5;antioquia;5313;granada;municipio;-75,184446;6,142892
5;antioquia;5315;guadalupe;municipio;-75,239862;6,815069
5;antioquia;5318;guarne;municipio;-75,441612;6,27787
5;antioquia;5321;guatapé;municipio;-75,160041;6,232461
5;antioquia;5347;heliconia;municipio;-75,734322;6,206757
5;antioquia;5353;hispania;municipio;-75,906587;5,799461
5;antioquia;5360;itagüí;municipio;-75,612056;6,175079
5;antioquia;5361;ituango;municipio;-75,764673;7,171629
5;antioquia;5364;jardín;municipio;-75,818982;5,597542
5;antioquia;5368;jericó;municipio;-75,785499;5,789748
5;antioquia;5376;la ceja;municipio;-75,429433;6,028062
5;antioquia;5380;la estrella;municipio;-75,637708;6,145238
5;antioquia;5390;la pintada;municipio;-75,60781;5,743808
5;antioquia;5400;la unión;municipio;-75,360874;5,973845
5;antioquia;5411;liborina;municipio;-75,812838;6,677316
5;antioquia;5425;maceo;municipio;-74,78716;6,552116
5;antioquia;5440;marinilla;municipio;-75,339345;6,173995
5;antioquia;5467;montebello;municipio;-75,523455;5,946313
5;antioquia;5475;murindó;municipio;-76,817485;6,97771
5;antioquia;5480;mutatá;municipio;-76,435875;7,242875
5;antioquia;5483;nariño;municipio;-75,176262;5,610777
5;antioquia;5490;necoclí;municipio;-76,787271;8,434526
5;antioquia;5495;nechí;municipio;-74,77647;8,094129
5;antioquia;5501;olaya;municipio;-75,811773;6,626492
5;antioquia;5541;peñol;municipio;-75,242693;6,219349
5;antioquia;5543;peque;municipio;-75,910357;7,021029
5;antioquia;5576;pueblorrico;municipio;-75,839903;5,79158
5;antioquia;5579;puerto berrío;municipio;-74,410016;6,487028
5;antioquia;5585;puerto nare;municipio;-74,583012;6,186025
5;antioquia;5591;puerto triunfo;municipio;-74,64119;5,871318
5;antioquia;5604;remedios;municipio;-74,698135;7,029424
5;antioquia;5607;retiro;municipio;-75,501301;6,062454
5;antioquia;5615;rionegro;municipio;-75,377316;6,147148
5;antioquia;5628;sabanalarga;municipio;-75,816645;6,850028
5;antioquia;5631;sabaneta;municipio;-75,615479;6,149903
5;antioquia;5642;salgar;municipio;-75,976807;5,964198
5;antioquia;5647;san andrés de cuerquía;municipio;-75,674564;6,916676
5;antioquia;5649;san carlos;municipio;-74,988097;6,187746
5;antioquia;5652;san francisco;municipio;-75,101562;5,963476
5;antioquia;5656;san jerónimo;municipio;-75,726975;6,44809
5;antioquia;5658;san josé de la montaña;municipio;-75,683352;6,85009
5;antioquia;5659;san juan de urabá;municipio;-76,52857;8,758964
5;antioquia;5660;san luis;municipio;-74,993619;6,043017
5;antioquia;5664;san pedro de los milagros;municipio;-75,556743;6,46012
5;antioquia;5665;san pedro de urabá;municipio;-76,380567;8,276884
5;antioquia;5667;san rafael;municipio;-75,02849;6,293759
5;antioquia;5670;san roque;municipio;-75,019109;6,485939
5;antioquia;5674;san vicente ferrer;municipio;-75,332616;6,282164
5;antioquia;5679;santa bárbara;municipio;-75,567351;5,875527
5;antioquia;5686;santa rosa de osos;municipio;-75,460723;6,643366
5;antioquia;5690;santo domingo;municipio;-75,164903;6,473032
5;antioquia;5697;el santuario;municipio;-75,265465;6,136871
5;antioquia;5736;segovia;municipio;-74,701596;7,079648
5;antioquia;5756;sonsón;municipio;-75,309596;5,714851
5;antioquia;5761;sopetrán;municipio;-75,747378;6,500745
5;antioquia;5789;támesis;municipio;-75,714429;5,664645
5;antioquia;5790;tarazá;municipio;-75,401407;7,580127
5;antioquia;5792;tarso;municipio;-75,822956;5,864542
5;antioquia;5809;titiribí;municipio;-75,791887;6,062391
5;antioquia;5819;toledo;municipio;-75,692281;7,010328
5;antioquia;5837;turbo;municipio;-76,728858;8,089929
5;antioquia;5842;uramita;municipio;-76,173284;6,898393
5;antioquia;5847;urrao;municipio;-76,133951;6,317343
5;antioquia;5854;valdivia;municipio;-75,439274;7,1652
5;antioquia;5856;valparaíso;municipio;-75,624452;5,614555
5;antioquia;5858;vegachí;municipio;-74,798714;6,773525
5;antioquia;5861;venecia;municipio;-75,735544;5,964693
5;antioquia;5873;vigía del fuerte;municipio;-76,896004;6,588164
5;antioquia;5885;yalí;municipio;-74,840059;6,676554
5;antioquia;5887;yarumal;municipio;-75,418828;6,963832
5;antioquia;5890;yolombó;municipio;-75,013385;6,594511
5;antioquia;5893;yondó;municipio;-73,912445;7,00396
5;antioquia;5895;zaragoza;municipio;-74,867075;7,488583
8;atlántico;8001;barranquilla;municipio;-74,815546;10,977961
8;atlántico;8078;baranoa;municipio;-74,916077;10,79445
8;atlántico;8137;campo de la cruz;municipio;-74,880847;10,378291
8;atlántico;8141;candelaria;municipio;-74,879717;10,461903
8;atlántico;8296;galapa;municipio;-74,870385;10,919033
8;atlántico;8372;juan de acosta;municipio;-75,041032;10,83254
8;atlántico;8421;luruaco;municipio;-75,14199;10,610491
8;atlántico;8433;malambo;municipio;-74,776923;10,857086
8;atlántico;8436;manatí;municipio;-74,956867;10,449089
8;atlántico;8520;palmar de varela;municipio;-74,754765;10,738591
8;atlántico;8549;piojó;municipio;-75,107592;10,749216
8;atlántico;8558;polonuevo;municipio;-74,852981;10,777363
8;atlántico;8560;ponedera;municipio;-74,753885;10,641779
8;atlántico;8573;puerto colombia;municipio;-74,888627;11,015322
8;atlántico;8606;repelón;municipio;-75,125534;10,493357
8;atlántico;8634;sabanagrande;municipio;-74,759496;10,792453
8;atlántico;8638;sabanalarga;municipio;-74,921256;10,632091
8;atlántico;8675;santa lucía;municipio;-74,959204;10,324303
8;atlántico;8685;santo tomás;municipio;-74,757859;10,758735
8;atlántico;8758;soledad;municipio;-74,786054;10,909921
8;atlántico;8770;suan;municipio;-74,881687;10,335432
8;atlántico;8832;tubará;municipio;-74,978704;10,873586
8;atlántico;8849;usiacurí;municipio;-74,976985;10,74298
11;bogotá, d.c.;11001;bogotá, d.c.;municipio;-74,106992;4,649251
13;bolívar;13001;cartagena de indias;municipio;-75,496269;10,385126
13;bolívar;13006;achí;municipio;-74,557676;8,570107
13;bolívar;13030;altos del rosario;municipio;-74,164905;8,791865
13;bolívar;13042;arenal;municipio;-73,941099;8,458865
13;bolívar;13052;arjona;municipio;-75,344332;10,25666
13;bolívar;13062;arroyohondo;municipio;-75,019215;10,250075
13;bolívar;13074;barranco de loba;municipio;-74,104391;8,947787
13;bolívar;13140;calamar;municipio;-74,916144;10,250431
13;bolívar;13160;cantagallo;municipio;-73,914605;7,378678
13;bolívar;13188;cicuco;municipio;-74,645981;9,274281
13;bolívar;13212;córdoba;municipio;-74,827399;9,586942
13;bolívar;13222;clemencia;municipio;-75,328469;10,567452
13;bolívar;13244;el carmen de bolívar;municipio;-75,121178;9,718653
13;bolívar;13248;el guamo;municipio;-74,976084;10,030958
13;bolívar;13268;el peñón;municipio;-73,949274;8,988271
13;bolívar;13300;hatillo de loba;municipio;-74,077912;8,956014
13;bolívar;13430;magangué;municipio;-74,766742;9,263799
13;bolívar;13433;mahates;municipio;-75,191643;10,233285
13;bolívar;13440;margarita;municipio;-74,286785;9,153489
13;bolívar;13442;maría la baja;municipio;-75,300516;9,982402
13;bolívar;13458;montecristo;municipio;-74,471176;8,297234
13;bolívar;13468;santa cruz de mompox;municipio;-74,42818;9,244241
13;bolívar;13473;morales;municipio;-73,868172;8,276558
13;bolívar;13490;norosí;municipio;-74,038003;8,526259
13;bolívar;13549;pinillos;municipio;-74,462279;8,914947
13;bolívar;13580;regidor;municipio;-73,821638;8,666258
13;bolívar;13600;río viejo;municipio;-73,840466;8,58795
13;bolívar;13620;san cristóbal;municipio;-75,065076;10,392836
13;bolívar;13647;san estanislao;municipio;-75,153101;10,398602
13;bolívar;13650;san fernando;municipio;-74,323811;9,214183
13;bolívar;13654;san jacinto;municipio;-75,12105;9,830275
13;bolívar;13655;san jacinto del cauca;municipio;-74,721156;8,25158
13;bolívar;13657;san juan nepomuceno;municipio;-75,081761;9,953751
13;bolívar;13667;san martín de loba;municipio;-74,039134;8,937485
13;bolívar;13670;san pablo;municipio;-73,924602;7,476747
13;bolívar;13673;santa catalina;municipio;-75,287855;10,605294
13;bolívar;13683;santa rosa;municipio;-75,369824;10,444396
13;bolívar;13688;santa rosa del sur;municipio;-74,052243;7,963938
13;bolívar;13744;simití;municipio;-73,947264;7,953916
13;bolívar;13760;soplaviento;municipio;-75,136404;10,38839
13;bolívar;13780;talaigua nuevo;municipio;-74,567479;9,30403
13;bolívar;13810;tiquisio;municipio;-74,262922;8,558666
13;bolívar;13836;turbaco;municipio;-75,427249;10,348316
13;bolívar;13838;turbana;municipio;-75,44265;10,274585
13;bolívar;13873;villanueva;municipio;-75,275613;10,444089
13;bolívar;13894;zambrano;municipio;-74,817879;9,746306
15;boyacá;15001;tunja;municipio;-73,355539;5,53988
15;boyacá;15022;almeida;municipio;-73,378933;4,970857
15;boyacá;15047;aquitania;municipio;-72,88399;5,518602
15;boyacá;15051;arcabuco;municipio;-73,437503;5,755673
15;boyacá;15087;belén;municipio;-72,911641;5,98923
15;boyacá;15090;berbeo;municipio;-73,12721;5,227451
15;boyacá;15092;betéitiva;municipio;-72,809014;5,909978
15;boyacá;15097;boavita;municipio;-72,584905;6,330703
15;boyacá;15104;boyacá;municipio;-73,361945;5,454578
15;boyacá;15106;briceño;municipio;-73,92326;5,690879
15;boyacá;15109;buenavista;municipio;-73,94217;5,512594
15;boyacá;15114;busbanzá;municipio;-72,884158;5,831393
15;boyacá;15131;caldas;municipio;-73,865553;5,55458
15;boyacá;15135;campohermoso;municipio;-73,104173;5,031676
15;boyacá;15162;cerinza;municipio;-72,947918;5,955939
15;boyacá;15172;chinavita;municipio;-73,368476;5,167486
15;boyacá;15176;chiquinquirá;municipio;-73,818745;5,61379
15;boyacá;15180;chiscas;municipio;-72,500957;6,553136
15;boyacá;15183;chita;municipio;-72,471892;6,187083
15;boyacá;15185;chitaraque;municipio;-73,4471;6,027425
15;boyacá;15187;chivatá;municipio;-73,282529;5,558949
15;boyacá;15189;ciénega;municipio;-73,296049;5,408694
15;boyacá;15204;cómbita;municipio;-73,323957;5,634545
15;boyacá;15212;coper;municipio;-74,045636;5,475074
15;boyacá;15215;corrales;municipio;-72,844795;5,828064
15;boyacá;15218;covarachía;municipio;-72,738978;6,500177
15;boyacá;15223;cubará;municipio;-72,107939;6,997275
15;boyacá;15224;cucaita;municipio;-73,454338;5,544452
15;boyacá;15226;cuítiva;municipio;-72,965923;5,580367
15;boyacá;15232;chíquiza;municipio;-73,449463;5,639834
15;boyacá;15236;chivor;municipio;-73,368398;4,888173
15;boyacá;15238;duitama;municipio;-73,03063;5,822964
15;boyacá;15244;el cocuy;municipio;-72,444537;6,407738
15;boyacá;15248;el espino;municipio;-72,497007;6,483027
15;boyacá;15272;firavitoba;municipio;-72,993392;5,668885
15;boyacá;15276;floresta;municipio;-72,918111;5,859519
15;boyacá;15293;gachantivá;municipio;-73,549092;5,751891
15;boyacá;15296;gámeza;municipio;-72,80553;5,802333
15;boyacá;15299;garagoa;municipio;-73,364413;5,083234
15;boyacá;15317;guacamayas;municipio;-72,500812;6,459667
15;boyacá;15322;guateque;municipio;-73,471207;5,007321
15;boyacá;15325;guayatá;municipio;-73,489698;4,967122
15;boyacá;15332;güicán de la sierra;municipio;-72,411763;6,462864
15;boyacá;15362;iza;municipio;-72,979559;5,611577
15;boyacá;15367;jenesano;municipio;-73,363738;5,385813
15;boyacá;15368;jericó;municipio;-72,571122;6,145735
15;boyacá;15377;labranzagrande;municipio;-72,57777;5,562687
15;boyacá;15380;la capilla;municipio;-73,444347;5,095687
15;boyacá;15401;la victoria;municipio;-74,234393;5,523792
15;boyacá;15403;la uvita;municipio;-72,559982;6,31616
15;boyacá;15407;villa de leyva;municipio;-73,524948;5,632455
15;boyacá;15425;macanal;municipio;-73,319593;4,972464
15;boyacá;15442;maripí;municipio;-74,00405;5,550091
15;boyacá;15455;miraflores;municipio;-73,14563;5,196515
15;boyacá;15464;mongua;municipio;-72,79809;5,754242
15;boyacá;15466;monguí;municipio;-72,849292;5,723486
15;boyacá;15469;moniquirá;municipio;-73,573374;5,876331
15;boyacá;15476;motavita;municipio;-73,367841;5,5777
15;boyacá;15480;muzo;municipio;-74,10269;5,532758
15;boyacá;15491;nobsa;municipio;-72,937042;5,768046
15;boyacá;15494;nuevo colón;municipio;-73,456759;5,355317
15;boyacá;15500;oicatá;municipio;-73,308399;5,595235
15;boyacá;15507;otanche;municipio;-74,180965;5,657536
15;boyacá;15511;pachavita;municipio;-73,396953;5,140065
15;boyacá;15514;páez;municipio;-73,052737;5,097319
15;boyacá;15516;paipa;municipio;-73,11782;5,779894
15;boyacá;15518;pajarito;municipio;-72,703231;5,293783
15;boyacá;15522;panqueba;municipio;-72,459424;6,443416
15;boyacá;15531;pauna;municipio;-73,978449;5,656323
15;boyacá;15533;paya;municipio;-72,423775;5,625699
15;boyacá;15537;paz de río;municipio;-72,749137;5,987645
15;boyacá;15542;pesca;municipio;-73,050872;5,558808
15;boyacá;15550;pisba;municipio;-72,486023;5,72141
15;boyacá;15572;puerto boyacá;municipio;-74,587782;5,976646
15;boyacá;15580;quípama;municipio;-74,180033;5,52055
15;boyacá;15599;ramiriquí;municipio;-73,334839;5,400303
15;boyacá;15600;ráquira;municipio;-73,632543;5,539136
15;boyacá;15621;rondón;municipio;-73,208474;5,357378
15;boyacá;15632;saboyá;municipio;-73,764456;5,697756
15;boyacá;15638;sáchica;municipio;-73,542539;5,584305
15;boyacá;15646;samacá;municipio;-73,485589;5,492161
15;boyacá;15660;san eduardo;municipio;-73,077747;5,22401
15;boyacá;15664;san josé de pare;municipio;-73,545397;6,018924
15;boyacá;15667;san luis de gaceno;municipio;-73,168076;4,81976
15;boyacá;15673;san mateo;municipio;-72,555264;6,401683
15;boyacá;15676;san miguel de sema;municipio;-73,722009;5,518083
15;boyacá;15681;san pablo de borbur;municipio;-74,069963;5,650743
15;boyacá;15686;santana;municipio;-73,481639;6,056866
15;boyacá;15690;santa maría;municipio;-73,263518;4,857193
15;boyacá;15693;santa rosa de viterbo;municipio;-72,982461;5,874547
15;boyacá;15696;santa sofía;municipio;-73,602707;5,713269
15;boyacá;15720;sativanorte;municipio;-72,708458;6,131132
15;boyacá;15723;sativasur;municipio;-72,712435;6,093183
15;boyacá;15740;siachoque;municipio;-73,24466;5,511811
15;boyacá;15753;soatá;municipio;-72,684051;6,331945
15;boyacá;15755;socotá;municipio;-72,636653;6,041162
15;boyacá;15757;socha;municipio;-72,691963;5,996717
15;boyacá;15759;sogamoso;municipio;-72,924355;5,723976
15;boyacá;15761;somondoco;municipio;-73,433393;4,985726
15;boyacá;15762;sora;municipio;-73,450153;5,56684
15;boyacá;15763;sotaquirá;municipio;-73,246585;5,764986
15;boyacá;15764;soracá;municipio;-73,332804;5,500898
15;boyacá;15774;susacón;municipio;-72,690289;6,230332
15;boyacá;15776;sutamarchán;municipio;-73,620536;5,619781
15;boyacá;15778;sutatenza;municipio;-73,452317;5,022989
15;boyacá;15790;tasco;municipio;-72,781011;5,909821
15;boyacá;15798;tenza;municipio;-73,421176;5,076781
15;boyacá;15804;tibaná;municipio;-73,396457;5,317251
15;boyacá;15806;tibasosa;municipio;-72,999449;5,74723
15;boyacá;15808;tinjacá;municipio;-73,646847;5,579713
15;boyacá;15810;tipacoque;municipio;-72,691729;6,419203
15;boyacá;15814;toca;municipio;-73,184794;5,566464
15;boyacá;15816;togüí;municipio;-73,513655;5,937438
15;boyacá;15820;tópaga;municipio;-72,832245;5,768201
15;boyacá;15822;tota;municipio;-72,985898;5,560497
15;boyacá;15832;tununguá;municipio;-73,933155;5,730582
15;boyacá;15835;turmequé;municipio;-73,491825;5,323261
15;boyacá;15837;tuta;municipio;-73,230285;5,689082
15;boyacá;15839;tutazá;municipio;-72,856035;6,032608
15;boyacá;15842;úmbita;municipio;-73,456917;5,221176
15;boyacá;15861;ventaquemada;municipio;-73,522368;5,368739
15;boyacá;15879;viracachá;municipio;-73,296894;5,436833
15;boyacá;15897;zetaquira;municipio;-73,17098;5,283443
17;caldas;17001;manizales;municipio;-75,491025;5,057657
17;caldas;17013;aguadas;municipio;-75,45487;5,610244
17;caldas;17042;anserma;municipio;-75,784343;5,236471
17;caldas;17050;aranzazu;municipio;-75,49129;5,271195
17;caldas;17088;belalcázar;municipio;-75,811918;4,993785
17;caldas;17174;chinchiná;municipio;-75,607529;4,985227
17;caldas;17272;filadelfia;municipio;-75,562474;5,297091
17;caldas;17380;la dorada;municipio;-74,668819;5,460834
17;caldas;17388;la merced;municipio;-75,546486;5,39647
17;caldas;17433;manzanares;municipio;-75,152829;5,255699
17;caldas;17442;marmato;municipio;-75,600049;5,47422
17;caldas;17444;marquetalia;municipio;-75,053097;5,297525
17;caldas;17446;marulanda;municipio;-75,259721;5,284304
17;caldas;17486;neira;municipio;-75,520006;5,166895
17;caldas;17495;norcasia;municipio;-74,889543;5,574796
17;caldas;17513;pácora;municipio;-75,459621;5,527172
17;caldas;17524;palestina;municipio;-75,624577;5,017879
17;caldas;17541;pensilvania;municipio;-75,160299;5,383281
17;caldas;17614;riosucio;municipio;-75,702104;5,423673
17;caldas;17616;risaralda;municipio;-75,76722;5,164509
17;caldas;17653;salamina;municipio;-75,487223;5,403025
17;caldas;17662;samaná;municipio;-74,992263;5,41308
17;caldas;17665;san josé;municipio;-75,792063;5,08231
17;caldas;17777;supía;municipio;-75,64966;5,446843
17;caldas;17867;victoria;municipio;-74,911239;5,317437
17;caldas;17873;villamaría;municipio;-75,502487;5,038925
17;caldas;17877;viterbo;municipio;-75,87061;5,062664
18;caquetá;18001;florencia;municipio;-75,609831;1,618196
18;caquetá;18029;albania;municipio;-75,878375;1,328526
18;caquetá;18094;belén de los andaquíes;municipio;-75,872405;1,415812
18;caquetá;18150;cartagena del chairá;municipio;-74,847867;1,332371
18;caquetá;18205;curillo;municipio;-75,919205;1,033473
18;caquetá;18247;el doncello;municipio;-75,283631;1,679951
18;caquetá;18256;el paujíl;municipio;-75,326093;1,570226
18;caquetá;18410;la montañita;municipio;-75,436408;1,479173
18;caquetá;18460;milán;municipio;-75,506926;1,29021
18;caquetá;18479;morelia;municipio;-75,724146;1,486611
18;caquetá;18592;puerto rico;municipio;-75,157604;1,909063
18;caquetá;18610;san josé del fragua;municipio;-75,973796;1,330266
18;caquetá;18753;san vicente del caguán;municipio;-74,767894;2,119413
18;caquetá;18756;solano;municipio;-75,253702;0,699077
18;caquetá;18785;solita;municipio;-75,619902;0,87654
18;caquetá;18860;valparaíso;municipio;-75,70671;1,194619
19;cauca;19001;popayán;municipio;-76,599377;2,459641
19;cauca;19022;almaguer;municipio;-76,85607;1,913429
19;cauca;19050;argelia;municipio;-77,24905;2,257427
19;cauca;19075;balboa;municipio;-77,215773;2,040998
19;cauca;19100;bolívar;municipio;-76,966215;1,837538
19;cauca;19110;buenos aires;municipio;-76,642238;3,015382
19;cauca;19130;cajibío;municipio;-76,570682;2,623371
19;cauca;19137;caldono;municipio;-76,484319;2,798059
19;cauca;19142;caloto;municipio;-76,408941;3,034531
19;cauca;19212;corinto;municipio;-76,261866;3,173854
19;cauca;19256;el tambo;municipio;-76,810911;2,451409
19;cauca;19290;florencia;municipio;-77,072547;1,682535
19;cauca;19300;guachené;municipio;-76,392189;3,134153
19;cauca;19318;guapi;municipio;-77,88797;2,571337
19;cauca;19355;inzá;municipio;-76,063503;2,549183
19;cauca;19364;jambaló;municipio;-76,323877;2,777834
19;cauca;19392;la sierra;municipio;-76,763278;2,179383
19;cauca;19397;la vega;municipio;-76,778771;2,001803
19;cauca;19418;lópez de micay;municipio;-77,247803;2,846788
19;cauca;19450;mercaderes;municipio;-77,164319;1,789193
19;cauca;19455;miranda;municipio;-76,228722;3,254651
19;cauca;19473;morales;municipio;-76,629106;2,754684
19;cauca;19513;padilla;municipio;-76,313265;3,220984
19;cauca;19517;páez;municipio;-75,970685;2,645724
19;cauca;19532;patía;municipio;-76,981075;2,115875
19;cauca;19533;piamonte;municipio;-76,327588;1,11754
19;cauca;19548;piendamó - tunía;municipio;-76,528615;2,64228
19;cauca;19573;puerto tejada;municipio;-76,417673;3,233254
19;cauca;19585;puracé;municipio;-76,496698;2,341507
19;cauca;19622;rosas;municipio;-76,740336;2,260941
19;cauca;19693;san sebastián;municipio;-76,769467;1,838451
19;cauca;19698;santander de quilichao;municipio;-76,485141;3,015008
19;cauca;19701;santa rosa;municipio;-76,573252;1,700916
19;cauca;19743;silvia;municipio;-76,379753;2,611927
19;cauca;19760;sotará paispamba;municipio;-76,613365;2,253156
19;cauca;19780;suárez;municipio;-76,69357;2,959785
19;cauca;19785;sucre;municipio;-76,926279;2,038237
19;cauca;19807;timbío;municipio;-76,684476;2,349686
19;cauca;19809;timbiquí;municipio;-77,667541;2,777312
19;cauca;19821;toribío;municipio;-76,270284;2,953017
19;cauca;19824;totoró;municipio;-76,403628;2,510252
19;cauca;19845;villa rica;municipio;-76,458025;3,17762
20;cesar;20001;valledupar;municipio;-73,259398;10,460472
20;cesar;20011;aguachica;municipio;-73,614027;8,306811
20;cesar;20013;agustín codazzi;municipio;-73,238389;10,040454
20;cesar;20032;astrea;municipio;-73,975842;9,498062
20;cesar;20045;becerril;municipio;-73,278707;9,704404
20;cesar;20060;bosconia;municipio;-73,888761;9,975098
20;cesar;20175;chimichagua;municipio;-73,813278;9,25875
20;cesar;20178;chiriguaná;municipio;-73,599913;9,361058
20;cesar;20228;curumaní;municipio;-73,540843;9,201716
20;cesar;20238;el copey;municipio;-73,962703;10,149883
20;cesar;20250;el paso;municipio;-73,742012;9,668461
20;cesar;20295;gamarra;municipio;-73,737558;8,324793
20;cesar;20310;gonzález;municipio;-73,38004;8,389604
20;cesar;20383;la gloria;municipio;-73,80321;8,619298
20;cesar;20400;la jagua de ibirico;municipio;-73,334143;9,563752
20;cesar;20443;manaure balcón del cesar;municipio;-73,029472;10,390776
20;cesar;20517;pailitas;municipio;-73,625825;8,959399
20;cesar;20550;pelaya;municipio;-73,666735;8,689451
20;cesar;20570;pueblo bello;municipio;-73,586211;10,417321
20;cesar;20614;río de oro;municipio;-73,386393;8,292292
20;cesar;20621;la paz;municipio;-73,171365;10,387552
20;cesar;20710;san alberto;municipio;-73,393889;7,76111
20;cesar;20750;san diego;municipio;-73,181208;10,333039
20;cesar;20770;san martín;municipio;-73,510914;7,999855
20;cesar;20787;tamalameque;municipio;-73,812172;8,861725
23;córdoba;23001;montería;municipio;-75,873096;8,759789
23;córdoba;23068;ayapel;municipio;-75,146048;8,313838
23;córdoba;23079;buenavista;municipio;-75,480897;8,221187
23;córdoba;23090;canalete;municipio;-76,241476;8,786939
23;córdoba;23162;cereté;municipio;-75,796093;8,888532
23;córdoba;23168;chimá;municipio;-75,626886;9,149698
23;córdoba;23182;chinú;municipio;-75,399633;9,105473
23;córdoba;23189;ciénaga de oro;municipio;-75,620807;8,875794
23;córdoba;23300;cotorra;municipio;-75,799216;9,037163
23;córdoba;23350;la apartada;municipio;-75,336031;8,050125
23;córdoba;23417;lorica;municipio;-75,816084;9,240789
23;córdoba;23419;los córdobas;municipio;-76,35518;8,892098
23;córdoba;23464;momil;municipio;-75,67796;9,240707
23;córdoba;23466;montelíbano;municipio;-75,416818;7,973777
23;córdoba;23500;moñitos;municipio;-76,1291;9,245223
23;córdoba;23555;planeta rica;municipio;-75,583241;8,4082
23;córdoba;23570;pueblo nuevo;municipio;-75,508035;8,504099
23;córdoba;23574;puerto escondido;municipio;-76,260411;9,005372
23;córdoba;23580;puerto libertador;municipio;-75,671761;7,888859
23;córdoba;23586;purísima de la concepción;municipio;-75,724987;9,239295
23;córdoba;23660;sahagún;municipio;-75,445834;8,943048
23;córdoba;23670;san andrés de sotavento;municipio;-75,50879;9,145448
23;córdoba;23672;san antero;municipio;-75,76112;9,376434
23;córdoba;23675;san bernardo del viento;municipio;-75,955107;9,35247
23;córdoba;23678;san carlos;municipio;-75,698799;8,799282
23;córdoba;23682;san josé de uré;municipio;-75,533476;7,787303
23;córdoba;23686;san pelayo;municipio;-75,835615;8,958436
23;córdoba;23807;tierralta;municipio;-76,059797;8,170612
23;córdoba;23815;tuchín;municipio;-75,553962;9,186625
23;córdoba;23855;valencia;municipio;-76,150756;8,255016
25;cundinamarca;25001;agua de dios;municipio;-74,669221;4,375309
25;cundinamarca;25019;albán;municipio;-74,438261;4,878022
25;cundinamarca;25035;anapoima;municipio;-74,528676;4,562737
25;cundinamarca;25040;anolaima;municipio;-74,46384;4,7617
25;cundinamarca;25053;arbeláez;municipio;-74,414901;4,272534
25;cundinamarca;25086;beltrán;municipio;-74,741666;4,802832
25;cundinamarca;25095;bituima;municipio;-74,539609;4,872171
25;cundinamarca;25099;bojacá;municipio;-74,344594;4,737205
25;cundinamarca;25120;cabrera;municipio;-74,484549;3,985164
25;cundinamarca;25123;cachipay;municipio;-74,435711;4,730957
25;cundinamarca;25126;cajicá;municipio;-74,02298;4,920009
25;cundinamarca;25148;caparrapí;municipio;-74,491045;5,34758
25;cundinamarca;25151;cáqueza;municipio;-73,946473;4,404112
25;cundinamarca;25154;carmen de carupa;municipio;-73,901357;5,349119
25;cundinamarca;25168;chaguaní;municipio;-74,593455;4,948916
25;cundinamarca;25175;chía;municipio;-74,05;4,866508
25;cundinamarca;25178;chipaque;municipio;-74,044876;4,442671
25;cundinamarca;25181;choachí;municipio;-73,922894;4,527048
25;cundinamarca;25183;chocontá;municipio;-73,683533;5,145224
25;cundinamarca;25200;cogua;municipio;-73,978497;5,061842
25;cundinamarca;25214;cota;municipio;-74,102569;4,812564
25;cundinamarca;25224;cucunubá;municipio;-73,766113;5,249795
25;cundinamarca;25245;el colegio;municipio;-74,442261;4,577951
25;cundinamarca;25258;el peñón;municipio;-74,290207;5,248747
25;cundinamarca;25260;el rosal;municipio;-74,263103;4,850589
25;cundinamarca;25269;facatativá;municipio;-74,350085;4,813353
25;cundinamarca;25279;fómeque;municipio;-73,892523;4,485474
25;cundinamarca;25281;fosca;municipio;-73,93902;4,339093
25;cundinamarca;25286;funza;municipio;-74,201528;4,710412
25;cundinamarca;25288;fúquene;municipio;-73,795855;5,403997
25;cundinamarca;25290;fusagasugá;municipio;-74,37543;4,336723
25;cundinamarca;25293;gachalá;municipio;-73,520161;4,693579
25;cundinamarca;25295;gachancipá;municipio;-73,873464;4,990947
25;cundinamarca;25297;gachetá;municipio;-73,636377;4,816411
25;cundinamarca;25299;gama;municipio;-73,611037;4,763325
25;cundinamarca;25307;girardot;municipio;-74,798201;4,313069
25;cundinamarca;25312;granada;municipio;-74,350766;4,519763
25;cundinamarca;25317;guachetá;municipio;-73,686972;5,383378
25;cundinamarca;25320;guaduas;municipio;-74,603402;5,072076
25;cundinamarca;25322;guasca;municipio;-73,877143;4,866719
25;cundinamarca;25324;guataquí;municipio;-74,790058;4,517517
25;cundinamarca;25326;guatavita;municipio;-73,83293;4,935211
25;cundinamarca;25328;guayabal de síquima;municipio;-74,467437;4,877968
25;cundinamarca;25335;guayabetal;municipio;-73,815107;4,215306
25;cundinamarca;25339;gutiérrez;municipio;-74,003042;4,254679
25;cundinamarca;25368;jerusalén;municipio;-74,695474;4,562273
25;cundinamarca;25372;junín;municipio;-73,662961;4,79057
25;cundinamarca;25377;la calera;municipio;-73,968161;4,721104
25;cundinamarca;25386;la mesa;municipio;-74,461588;4,631028
25;cundinamarca;25394;la palma;municipio;-74,391022;5,358816
25;cundinamarca;25398;la peña;municipio;-74,394105;5,198945
25;cundinamarca;25402;la vega;municipio;-74,336885;4,997768
25;cundinamarca;25407;lenguazaque;municipio;-73,711512;5,306131
25;cundinamarca;25426;machetá;municipio;-73,608226;5,08007
25;cundinamarca;25430;madrid;municipio;-74,265854;4,732791
25;cundinamarca;25436;manta;municipio;-73,540444;5,009008
25;cundinamarca;25438;medina;municipio;-73,348449;4,506298
25;cundinamarca;25473;mosquera;municipio;-74,221154;4,70653
25;cundinamarca;25483;nariño;municipio;-74,824732;4,399837
25;cundinamarca;25486;nemocón;municipio;-73,877888;5,068705
25;cundinamarca;25488;nilo;municipio;-74,620009;4,305838
25;cundinamarca;25489;nimaima;municipio;-74,38604;5,125992
25;cundinamarca;25491;nocaima;municipio;-74,379093;5,069466
25;cundinamarca;25506;venecia;municipio;-74,478301;4,089056
25;cundinamarca;25513;pacho;municipio;-74,156132;5,136907
25;cundinamarca;25518;paime;municipio;-74,152213;5,370487
25;cundinamarca;25524;pandi;municipio;-74,486641;4,190393
25;cundinamarca;25530;paratebueno;municipio;-73,212825;4,374832
25;cundinamarca;25535;pasca;municipio;-74,302276;4,308979
25;cundinamarca;25572;puerto salgar;municipio;-74,653695;5,465413
25;cundinamarca;25580;pulí;municipio;-74,71438;4,682022
25;cundinamarca;25592;quebradanegra;municipio;-74,48014;5,118076
25;cundinamarca;25594;quetame;municipio;-73,863214;4,329884
25;cundinamarca;25596;quipile;municipio;-74,533705;4,74481
25;cundinamarca;25599;apulo;municipio;-74,593926;4,520304
25;cundinamarca;25612;ricaurte;municipio;-74,772861;4,282113
25;cundinamarca;25645;san antonio del tequendama;municipio;-74,351443;4,616138
25;cundinamarca;25649;san bernardo;municipio;-74,42296;4,179433
25;cundinamarca;25653;san cayetano;municipio;-74,024754;5,332938
25;cundinamarca;25658;san francisco;municipio;-74,289672;4,972917
25;cundinamarca;25662;san juan de rioseco;municipio;-74,621919;4,847575
25;cundinamarca;25718;sasaima;municipio;-74,432628;4,962167
25;cundinamarca;25736;sesquilé;municipio;-73,796099;5,04476
25;cundinamarca;25740;sibaté;municipio;-74,257874;4,492625
25;cundinamarca;25743;silvania;municipio;-74,405534;4,381981
25;cundinamarca;25745;simijaca;municipio;-73,850703;5,505231
25;cundinamarca;25754;soacha;municipio;-74,215463;4,579268
25;cundinamarca;25758;sopó;municipio;-73,943328;4,915395
25;cundinamarca;25769;subachoque;municipio;-74,172773;4,929118
25;cundinamarca;25772;suesca;municipio;-73,798227;5,103495
25;cundinamarca;25777;supatá;municipio;-74,235403;5,06162
25;cundinamarca;25779;susa;municipio;-73,813938;5,455291
25;cundinamarca;25781;sutatausa;municipio;-73,853159;5,247482
25;cundinamarca;25785;tabio;municipio;-74,096461;4,916832
25;cundinamarca;25793;tausa;municipio;-73,887813;5,196333
25;cundinamarca;25797;tena;municipio;-74,389193;4,655286
25;cundinamarca;25799;tenjo;municipio;-74,143724;4,872014
25;cundinamarca;25805;tibacuy;municipio;-74,452662;4,348605
25;cundinamarca;25807;tibirita;municipio;-73,504514;5,052278
25;cundinamarca;25815;tocaima;municipio;-74,636296;4,459279
25;cundinamarca;25817;tocancipá;municipio;-73,91207;4,964641
25;cundinamarca;25823;topaipí;municipio;-74,300626;5,336224
25;cundinamarca;25839;ubalá;municipio;-73,531489;4,74762
25;cundinamarca;25841;ubaque;municipio;-73,933477;4,483788
25;cundinamarca;25843;villa de san diego de ubaté;municipio;-73,814367;5,307463
25;cundinamarca;25845;une;municipio;-74,025183;4,40245
25;cundinamarca;25851;útica;municipio;-74,483154;5,19055
25;cundinamarca;25862;vergara;municipio;-74,346163;5,117258
25;cundinamarca;25867;vianí;municipio;-74,56132;4,875208
25;cundinamarca;25871;villagómez;municipio;-74,195145;5,273024
25;cundinamarca;25873;villapinzón;municipio;-73,595704;5,216393
25;cundinamarca;25875;villeta;municipio;-74,469686;5,012754
25;cundinamarca;25878;viotá;municipio;-74,523131;4,43935
25;cundinamarca;25885;yacopí;municipio;-74,33806;5,459272
25;cundinamarca;25898;zipacón;municipio;-74,379566;4,759932
25;cundinamarca;25899;zipaquirá;municipio;-73,994444;5,025477
27;chocó;27001;quibdó;municipio;-76,638144;5,682166
27;chocó;27006;acandí;municipio;-77,279951;8,512178
27;chocó;27025;alto baudó;municipio;-76,974373;5,516221
27;chocó;27050;atrato;municipio;-76,635674;5,531419
27;chocó;27073;bagadó;municipio;-76,416063;5,409681
27;chocó;27075;bahía solano;municipio;-77,401359;6,222807
27;chocó;27077;bajo baudó;municipio;-77,365717;4,954576
27;chocó;27099;bojayá;municipio;-76,886773;6,559708
27;chocó;27135;el cantón del san pablo;municipio;-76,726844;5,335321
27;chocó;27150;carmen del darién;municipio;-76,970798;7,158294
27;chocó;27160;cértegui;municipio;-76,607619;5,371373
27;chocó;27205;condoto;municipio;-76,650683;5,091003
27;chocó;27245;el carmen de atrato;municipio;-76,142112;5,899789
27;chocó;27250;el litoral del san juan;municipio;-77,363702;4,259564
27;chocó;27361;istmina;municipio;-76,68518;5,153946
27;chocó;27372;juradó;municipio;-77,762751;7,103619
27;chocó;27413;lloró;municipio;-76,545147;5,49789
27;chocó;27425;medio atrato;municipio;-76,783042;5,994935
27;chocó;27430;medio baudó;municipio;-76,950891;5,192471
27;chocó;27450;medio san juan;municipio;-76,694409;5,098291
27;chocó;27491;nóvita;municipio;-76,609467;4,956063
27;chocó;27493;nuevo belén de bajirá;municipio;-76,71727;7,3719
27;chocó;27495;nuquí;municipio;-77,265507;5,709812
27;chocó;27580;río iró;municipio;-76,472925;5,1863
27;chocó;27600;río quito;municipio;-76,740684;5,483667
27;chocó;27615;riosucio;municipio;-77,113156;7,436704
27;chocó;27660;san josé del palmar;municipio;-76,234227;4,896954
27;chocó;27745;sipí;municipio;-76,643453;4,65262
27;chocó;27787;tadó;municipio;-76,558571;5,264873
27;chocó;27800;unguía;municipio;-77,092538;8,04406
27;chocó;27810;unión panamericana;municipio;-76,630143;5,281108
41;huila;41001;neiva;municipio;-75,277327;2,935432
41;huila;41006;acevedo;municipio;-75,888706;1,805173
41;huila;41013;agrado;municipio;-75,772022;2,25987
41;huila;41016;aipe;municipio;-75,239017;3,223996
41;huila;41020;algeciras;municipio;-75,315389;2,521674
41;huila;41026;altamira;municipio;-75,788471;2,063841
41;huila;41078;baraya;municipio;-75,054843;3,152204
41;huila;41132;campoalegre;municipio;-75,325748;2,686767
41;huila;41206;colombia;municipio;-74,802815;3,376745
41;huila;41244;elías;municipio;-75,938301;2,012854
41;huila;41298;garzón;municipio;-75,627057;2,196493
41;huila;41306;gigante;municipio;-75,547681;2,384031
41;huila;41319;guadalupe;municipio;-75,757185;2,02426
41;huila;41349;hobo;municipio;-75,447697;2,580812
41;huila;41357;íquira;municipio;-75,634497;2,649359
41;huila;41359;isnos;municipio;-76,217637;1,929467
41;huila;41378;la argentina;municipio;-75,979763;2,198496
41;huila;41396;la plata;municipio;-75,891254;2,389263
41;huila;41483;nátaga;municipio;-75,808756;2,5451
41;huila;41503;oporapa;municipio;-75,995165;2,025088
41;huila;41518;paicol;municipio;-75,773158;2,449651
41;huila;41524;palermo;municipio;-75,435296;2,889649
41;huila;41530;palestina;municipio;-76,133251;1,723725
41;huila;41548;pital;municipio;-75,804544;2,266618
41;huila;41551;pitalito;municipio;-76,049441;1,852631
41;huila;41615;rivera;municipio;-75,258753;2,777586
41;huila;41660;saladoblanco;municipio;-76,044747;1,9934
41;huila;41668;san agustín;municipio;-76,27036;1,881081
41;huila;41676;santa maría;municipio;-75,586223;2,939603
41;huila;41770;suaza;municipio;-75,79525;1,976051
41;huila;41791;tarqui;municipio;-75,823976;2,111325
41;huila;41797;tesalia;municipio;-75,730271;2,486364
41;huila;41799;tello;municipio;-75,138773;3,067538
41;huila;41801;teruel;municipio;-75,567034;2,740968
41;huila;41807;timaná;municipio;-75,932167;1,974539
41;huila;41872;villavieja;municipio;-75,217174;3,218822
41;huila;41885;yaguará;municipio;-75,518023;2,664694
44;la guajira;44001;riohacha;municipio;-72,911795;11,528588
44;la guajira;44035;albania;municipio;-72,61232;11,151628
44;la guajira;44078;barrancas;municipio;-72,793639;10,958669
44;la guajira;44090;dibulla;municipio;-73,307598;11,27155
44;la guajira;44098;distracción;municipio;-72,887405;10,898414
44;la guajira;44110;el molino;municipio;-72,92673;10,653505
44;la guajira;44279;fonseca;municipio;-72,846319;10,886734
44;la guajira;44378;hatonuevo;municipio;-72,75904;11,068864
44;la guajira;44420;la jagua del pilar;municipio;-73,072638;10,511862
44;la guajira;44430;maicao;municipio;-72,242738;11,378535
44;la guajira;44560;manaure;municipio;-72,438739;11,773767
44;la guajira;44650;san juan del cesar;municipio;-73,000629;10,769546
44;la guajira;44847;uribia;municipio;-72,265906;11,711904
44;la guajira;44855;urumita;municipio;-73,012507;10,560169
44;la guajira;44874;villanueva;municipio;-72,977583;10,608774
47;magdalena;47001;santa marta;municipio;-74,199829;11,204679
47;magdalena;47030;algarrobo;municipio;-74,061132;10,188059
47;magdalena;47053;aracataca;municipio;-74,186702;10,589791
47;magdalena;47058;ariguaní;municipio;-74,236515;9,847047
47;magdalena;47161;cerro de san antonio;municipio;-74,868474;10,325531
47;magdalena;47170;chivolo;municipio;-74,622242;10,026631
47;magdalena;47189;ciénaga;municipio;-74,241286;11,006654
47;magdalena;47205;concordia;municipio;-74,83303;10,257314
47;magdalena;47245;el banco;municipio;-73,97437;9,008503
47;magdalena;47258;el piñón;municipio;-74,823094;10,402781
47;magdalena;47268;el retén;municipio;-74,268444;10,610488
47;magdalena;47288;fundación;municipio;-74,191453;10,514146
47;magdalena;47318;guamal;municipio;-74,223689;9,144354
47;magdalena;47460;nueva granada;municipio;-74,391841;9,80186
47;magdalena;47541;pedraza;municipio;-74,9154;10,18825
47;magdalena;47545;pijiño del carmen;municipio;-74,459034;9,331922
47;magdalena;47551;pivijay;municipio;-74,613312;10,460707
47;magdalena;47555;plato;municipio;-74,784549;9,796713
47;magdalena;47570;puebloviejo;municipio;-74,28253;10,994766
47;magdalena;47605;remolino;municipio;-74,716172;10,701952
47;magdalena;47660;sabanas de san ángel;municipio;-74,213946;10,032536
47;magdalena;47675;salamina;municipio;-74,794189;10,491229
47;magdalena;47692;san sebastián de buenavista;municipio;-74,351498;9,241656
47;magdalena;47703;san zenón;municipio;-74,498992;9,245061
47;magdalena;47707;santa ana;municipio;-74,566845;9,324294
47;magdalena;47720;santa bárbara de pinto;municipio;-74,704667;9,432263
47;magdalena;47745;sitionuevo;municipio;-74,720021;10,775285
47;magdalena;47798;tenerife;municipio;-74,859783;9,898273
47;magdalena;47960;zapayán;municipio;-74,716878;10,168297
47;magdalena;47980;zona bananera;municipio;-74,140091;10,763024
50;meta;50001;villavicencio;municipio;-73,622601;4,126369
50;meta;50006;acacías;municipio;-73,766034;3,990413
50;meta;50110;barranca de upía;municipio;-72,961083;4,566225
50;meta;50124;cabuyaro;municipio;-72,791768;4,286705
50;meta;50150;castilla la nueva;municipio;-73,687302;3,830005
50;meta;50223;cubarral;municipio;-73,837999;3,793653
50;meta;50226;cumaral;municipio;-73,487052;4,270042
50;meta;50245;el calvario;municipio;-73,713325;4,352665
50;meta;50251;el castillo;municipio;-73,794225;3,563907
50;meta;50270;el dorado;municipio;-73,835264;3,739984
50;meta;50287;fuente de oro;municipio;-73,618121;3,462875
50;meta;50313;granada;municipio;-73,705815;3,547147
50;meta;50318;guamal;municipio;-73,768815;3,879657
50;meta;50325;mapiripán;municipio;-72,135509;2,896617
50;meta;50330;mesetas;municipio;-74,044328;3,382732
50;meta;50350;la macarena;municipio;-73,78661;2,177143
50;meta;50370;uribe;municipio;-74,351508;3,239634
50;meta;50400;lejanías;municipio;-74,023514;3,525115
50;meta;50450;puerto concordia;municipio;-72,760209;2,624006
50;meta;50568;puerto gaitán;municipio;-72,087649;4,314905
50;meta;50573;puerto lópez;municipio;-72,957324;4,09349
50;meta;50577;puerto lleras;municipio;-73,37385;3,272117
50;meta;50590;puerto rico;municipio;-73,206314;2,939621
50;meta;50606;restrepo;municipio;-73,565408;4,259556
50;meta;50680;san carlos de guaroa;municipio;-73,242253;3,71065
50;meta;50683;san juan de arama;municipio;-73,875832;3,373728
50;meta;50686;san juanito;municipio;-73,676699;4,458181
50;meta;50689;san martín;municipio;-73,695812;3,701899
50;meta;50711;vistahermosa;municipio;-73,750966;3,125579
52;nariño;52001;pasto;municipio;-77,278795;1,212352
52;nariño;52019;albán;municipio;-77,080712;1,474978
52;nariño;52022;aldana;municipio;-77,700564;0,882381
52;nariño;52036;ancuya;municipio;-77,514512;1,263276
52;nariño;52051;arboleda;municipio;-77,135467;1,503418
52;nariño;52079;barbacoas;municipio;-78,13765;1,671733
52;nariño;52083;belén;municipio;-77,015619;1,595681
52;nariño;52110;buesaco;municipio;-77,156463;1,381453
52;nariño;52203;colón;municipio;-77,019777;1,643878
52;nariño;52207;consacá;municipio;-77,466136;1,207854
52;nariño;52210;contadero;municipio;-77,549409;0,910458
52;nariño;52215;córdoba;municipio;-77,517897;0,854564
52;nariño;52224;cuaspud carlosama;municipio;-77,728947;0,862978
52;nariño;52227;cumbal;municipio;-77,792505;0,906367
52;nariño;52233;cumbitara;municipio;-77,578616;1,647163
52;nariño;52240;chachagüí;municipio;-77,281869;1,360545
52;nariño;52250;el charco;municipio;-78,110217;2,479688
52;nariño;52254;el peñol;municipio;-77,438522;1,453567
52;nariño;52256;el rosario;municipio;-77,33417;1,745309
52;nariño;52258;el tablón de gómez;municipio;-77,097101;1,427277
52;nariño;52260;el tambo;municipio;-77,390772;1,407913
52;nariño;52287;funes;municipio;-77,448913;1,001159
52;nariño;52317;guachucal;municipio;-77,731589;0,959744
52;nariño;52320;guaitarilla;municipio;-77,549824;1,129574
52;nariño;52323;gualmatán;municipio;-77,568701;0,919652
52;nariño;52352;iles;municipio;-77,521227;0,96952
52;nariño;52354;imués;municipio;-77,496339;1,05506
52;nariño;52356;ipiales;municipio;-77,646367;0,827732
52;nariño;52378;la cruz;municipio;-76,970504;1,601318
52;nariño;52381;la florida;municipio;-77,402882;1,29753
52;nariño;52385;la llanada;municipio;-77,58091;1,472892
52;nariño;52390;la tola;municipio;-78,189725;2,398999
52;nariño;52399;la unión;municipio;-77,131316;1,600219
52;nariño;52405;leiva;municipio;-77,306135;1,934453
52;nariño;52411;linares;municipio;-77,523953;1,350814
52;nariño;52418;los andes;municipio;-77,521303;1,494587
52;nariño;52427;magüí;municipio;-78,182924;1,765633
52;nariño;52435;mallama;municipio;-77,864549;1,141037
52;nariño;52473;mosquera;municipio;-78,452992;2,507139
52;nariño;52480;nariño;municipio;-77,357972;1,288979
52;nariño;52490;olaya herrera;municipio;-78,325814;2,347457
52;nariño;52506;ospina;municipio;-77,566082;1,058433
52;nariño;52520;francisco pizarro;municipio;-78,658361;2,040629
52;nariño;52540;policarpa;municipio;-77,458686;1,627196
52;nariño;52560;potosí;municipio;-77,573003;0,806639
52;nariño;52565;providencia;municipio;-77,596794;1,237814
52;nariño;52573;puerres;municipio;-77,504211;0,885125
52;nariño;52585;pupiales;municipio;-77,636042;0,870442
52;nariño;52612;ricaurte;municipio;-77,995153;1,212492
52;nariño;52621;roberto payán;municipio;-78,245716;1,697492
52;nariño;52678;samaniego;municipio;-77,594341;1,335438
52;nariño;52683;sandoná;municipio;-77,47313;1,283438
52;nariño;52685;san bernardo;municipio;-77,0475;1,513762
52;nariño;52687;san lorenzo;municipio;-77,21542;1,503362
52;nariño;52693;san pablo;municipio;-77,013984;1,669429
52;nariño;52694;san pedro de cartago;municipio;-77,11941;1,551572
52;nariño;52696;santa bárbara;municipio;-77,979916;2,449653
52;nariño;52699;santacruz;municipio;-77,677035;1,222589
52;nariño;52720;sapuyes;municipio;-77,62028;1,037536
52;nariño;52786;taminango;municipio;-77,2808;1,570358
52;nariño;52788;tangua;municipio;-77,393735;1,09482
52;nariño;52835;san andrés de tumaco;municipio;-78,764073;1,807399
52;nariño;52838;túquerres;municipio;-77,61672;1,085044
52;nariño;52885;yacuanquer;municipio;-77,400169;1,115937
54;norte de santander;54001;san josé de cúcuta;municipio;-72,508178;7,905725
54;norte de santander;54003;ábrego;municipio;-73,221722;8,081616
54;norte de santander;54051;arboledas;municipio;-72,798952;7,642985
54;norte de santander;54099;bochalema;municipio;-72,64701;7,612192
54;norte de santander;54109;bucarasica;municipio;-72,868231;8,041299
54;norte de santander;54125;cácota;municipio;-72,642059;7,268705
54;norte de santander;54128;cáchira;municipio;-73,048983;7,741248
54;norte de santander;54172;chinácota;municipio;-72,601162;7,603112
54;norte de santander;54174;chitagá;municipio;-72,665468;7,138187
54;norte de santander;54206;convención;municipio;-73,3372;8,470374
54;norte de santander;54223;cucutilla;municipio;-72,772816;7,539633
54;norte de santander;54239;durania;municipio;-72,658491;7,714804
54;norte de santander;54245;el carmen;municipio;-73,446687;8,510579
54;norte de santander;54250;el tarra;municipio;-73,09614;8,574281
54;norte de santander;54261;el zulia;municipio;-72,604717;7,938572
54;norte de santander;54313;gramalote;municipio;-72,787233;7,916946
54;norte de santander;54344;hacarí;municipio;-73,145997;8,321506
54;norte de santander;54347;herrán;municipio;-72,483519;7,506541
54;norte de santander;54377;labateca;municipio;-72,495983;7,298414
54;norte de santander;54385;la esperanza;municipio;-73,328126;7,639839
54;norte de santander;54398;la playa;municipio;-73,239986;8,21124
54;norte de santander;54405;los patios;municipio;-72,505612;7,833186
54;norte de santander;54418;lourdes;municipio;-72,832376;7,945631
54;norte de santander;54480;mutiscua;municipio;-72,747169;7,300469
54;norte de santander;54498;ocaña;municipio;-73,35607;8,248574
54;norte de santander;54518;pamplona;municipio;-72,647714;7,372802
54;norte de santander;54520;pamplonita;municipio;-72,639111;7,436745
54;norte de santander;54553;puerto santander;municipio;-72,411363;8,359993
54;norte de santander;54599;ragonvalia;municipio;-72,476708;7,577861
54;norte de santander;54660;salazar;municipio;-72,813064;7,773683
54;norte de santander;54670;san calixto;municipio;-73,208622;8,40214
54;norte de santander;54673;san cayetano;municipio;-72,625459;7,875695
54;norte de santander;54680;santiago;municipio;-72,716203;7,865856
54;norte de santander;54720;sardinata;municipio;-72,800577;8,082105
54;norte de santander;54743;silos;municipio;-72,757128;7,204736
54;norte de santander;54800;teorama;municipio;-73,28707;8,438134
54;norte de santander;54810;tibú;municipio;-72,734496;8,639891
54;norte de santander;54820;toledo;municipio;-72,481915;7,307692
54;norte de santander;54871;villa caro;municipio;-72,973601;7,914244
54;norte de santander;54874;villa del rosario;municipio;-72,469758;7,847672
63;quindío;63001;armenia;municipio;-75,680786;4,53598
63;quindío;63111;buenavista;municipio;-75,739572;4,360029
63;quindío;63130;calarcá;municipio;-75,646085;4,520982
63;quindío;63190;circasia;municipio;-75,636533;4,617759
63;quindío;63212;córdoba;municipio;-75,687866;4,392485
63;quindío;63272;filandia;municipio;-75,658387;4,674338
63;quindío;63302;génova;municipio;-75,790402;4,206641
63;quindío;63401;la tebaida;municipio;-75,786887;4,453755
63;quindío;63470;montenegro;municipio;-75,749827;4,565057
63;quindío;63548;pijao;municipio;-75,703329;4,335036
63;quindío;63594;quimbaya;municipio;-75,765074;4,624387
63;quindío;63690;salento;municipio;-75,570844;4,637157
66;risaralda;66001;pereira;municipio;-75,719711;4,804985
66;risaralda;66045;apía;municipio;-75,942356;5,106526
66;risaralda;66075;balboa;municipio;-75,958663;4,949096
66;risaralda;66088;belén de umbría;municipio;-75,868334;5,200793
66;risaralda;66170;dosquebradas;municipio;-75,675371;4,833131
66;risaralda;66318;guática;municipio;-75,799005;5,315367
66;risaralda;66383;la celia;municipio;-76,0032;5,002787
66;risaralda;66400;la virginia;municipio;-75,880394;4,896624
66;risaralda;66440;marsella;municipio;-75,73879;4,935771
66;risaralda;66456;mistrató;municipio;-75,882886;5,297039
66;risaralda;66572;pueblo rico;municipio;-76,030801;5,222043
66;risaralda;66594;quinchía;municipio;-75,730431;5,340456
66;risaralda;66682;santa rosa de cabal;municipio;-75,623268;4,876271
66;risaralda;66687;santuario;municipio;-75,964628;5,074911
68;santander;68001;bucaramanga;municipio;-73,132562;7,11647
68;santander;68013;aguada;municipio;-73,523132;6,162355
68;santander;68020;albania;municipio;-73,91336;5,759166
68;santander;68051;aratoca;municipio;-73,01786;6,694418
68;santander;68077;barbosa;municipio;-73,615965;5,932531
68;santander;68079;barichara;municipio;-73,223047;6,634111
68;santander;68081;barrancabermeja;municipio;-73,849243;7,064857
68;santander;68092;betulia;municipio;-73,283669;6,899525
68;santander;68101;bolívar;municipio;-73,771346;5,988953
68;santander;68121;cabrera;municipio;-73,246475;6,592118
68;santander;68132;california;municipio;-72,946491;7,347989
68;santander;68147;capitanejo;municipio;-72,695427;6,527394
68;santander;68152;carcasí;municipio;-72,627099;6,629016
68;santander;68160;cepitá;municipio;-72,973536;6,753518
68;santander;68162;cerrito;municipio;-72,694851;6,840405
68;santander;68167;charalá;municipio;-73,146873;6,284339
68;santander;68169;charta;municipio;-72,968798;7,28082
68;santander;68176;chima;municipio;-73,373656;6,344348
68;santander;68179;chipatá;municipio;-73,637111;6,062521
68;santander;68190;cimitarra;municipio;-73,953011;6,320886
68;santander;68207;concepción;municipio;-72,694567;6,768908
68;santander;68209;confines;municipio;-73,240554;6,357327
68;santander;68211;contratación;municipio;-73,474426;6,290561
68;santander;68217;coromoro;municipio;-73,040816;6,294999
68;santander;68229;curití;municipio;-73,069383;6,605099
68;santander;68235;el carmen de chucurí;municipio;-73,51066;6,700038
68;santander;68245;el guacamayo;municipio;-73,496908;6,245111
68;santander;68250;el peñón;municipio;-73,815532;6,05537
68;santander;68255;el playón;municipio;-73,20287;7,470715
68;santander;68264;encino;municipio;-73,098749;6,137429
68;santander;68266;enciso;municipio;-72,699647;6,668034
68;santander;68271;florián;municipio;-73,97143;5,804659
68;santander;68276;floridablanca;municipio;-73,099104;7,072329
68;santander;68296;galán;municipio;-73,287769;6,638423
68;santander;68298;gámbita;municipio;-73,344185;5,945998
68;santander;68307;girón;municipio;-73,166832;7,070432
68;santander;68318;guaca;municipio;-72,856322;6,876563
68;santander;68320;guadalupe;municipio;-73,419292;6,245847
68;santander;68322;guapotá;municipio;-73,320732;6,308635
68;santander;68324;guavatá;municipio;-73,700906;5,954348
68;santander;68327;güepsa;municipio;-73,575146;6,025013
68;santander;68344;hato;municipio;-73,308399;6,543957
68;santander;68368;jesús maría;municipio;-73,783396;5,876497
68;santander;68370;jordán;municipio;-73,096053;6,732727
68;santander;68377;la belleza;municipio;-73,965494;5,85925
68;santander;68385;landázuri;municipio;-73,811359;6,218812
68;santander;68397;la paz;municipio;-73,58959;6,178509
68;santander;68406;lebrija;municipio;-73,219524;7,113351
68;santander;68418;los santos;municipio;-73,102739;6,755203
68;santander;68425;macaravita;municipio;-72,593105;6,50658
68;santander;68432;málaga;municipio;-72,732089;6,703081
68;santander;68444;matanza;municipio;-73,015566;7,323175
68;santander;68464;mogotes;municipio;-72,969807;6,475246
68;santander;68468;molagavita;municipio;-72,809175;6,67432
68;santander;68498;ocamonte;municipio;-73,122563;6,339988
68;santander;68500;oiba;municipio;-73,299791;6,26521
68;santander;68502;onzaga;municipio;-72,816766;6,344104
68;santander;68522;palmar;municipio;-73,29109;6,537789
68;santander;68524;palmas del socorro;municipio;-73,287764;6,406139
68;santander;68533;páramo;municipio;-73,17022;6,416811
68;santander;68547;piedecuesta;municipio;-73,054795;6,997245
68;santander;68549;pinchote;municipio;-73,174209;6,531552
68;santander;68572;puente nacional;municipio;-73,677567;5,878381
68;santander;68573;puerto parra;municipio;-74,056129;6,650785
68;santander;68575;puerto wilches;municipio;-73,899909;7,344057
68;santander;68615;rionegro;municipio;-73,150177;7,265014
68;santander;68655;sabana de torres;municipio;-73,49906;7,391919
68;santander;68669;san andrés;municipio;-72,848864;6,811511
68;santander;68673;san benito;municipio;-73,50907;6,126656
68;santander;68679;san gil;municipio;-73,134776;6,551952
68;santander;68682;san joaquín;municipio;-72,867638;6,427548
68;santander;68684;san josé de miranda;municipio;-72,733616;6,658995
68;santander;68686;san miguel;municipio;-72,644123;6,575315
68;santander;68689;san vicente de chucurí;municipio;-73,411024;6,880383
68;santander;68705;santa bárbara;municipio;-72,907445;6,990996
68;santander;68720;santa helena del opón;municipio;-73,616716;6,339565
68;santander;68745;simacota;municipio;-73,337368;6,443469
68;santander;68755;socorro;municipio;-73,261198;6,46387
68;santander;68770;suaita;municipio;-73,44165;6,101329
68;santander;68773;sucre;municipio;-73,790975;5,918743
68;santander;68780;suratá;municipio;-72,984232;7,36658
68;santander;68820;tona;municipio;-72,967023;7,201417
68;santander;68855;valle de san josé;municipio;-73,143507;6,448028
68;santander;68861;vélez;municipio;-73,672447;6,009275
68;santander;68867;vetas;municipio;-72,871041;7,30981
68;santander;68872;villanueva;municipio;-73,174307;6,670078
68;santander;68895;zapatoca;municipio;-73,268034;6,814387
70;sucre;70001;sincelejo;municipio;-75,395445;9,302322
70;sucre;70110;buenavista;municipio;-74,972827;9,319794
70;sucre;70124;caimito;municipio;-75,117141;8,789324
70;sucre;70204;colosó;municipio;-75,353256;9,494192
70;sucre;70215;corozal;municipio;-75,293048;9,318749
70;sucre;70221;coveñas;municipio;-75,680158;9,402779
70;sucre;70230;chalán;municipio;-75,312697;9,545352
70;sucre;70233;el roble;municipio;-75,198378;9,100647
70;sucre;70235;galeras;municipio;-75,04959;9,160379
70;sucre;70265;guaranda;municipio;-74,537749;8,468556
70;sucre;70400;la unión;municipio;-75,276056;8,853975
70;sucre;70418;los palmitos;municipio;-75,268716;9,380269
70;sucre;70429;majagual;municipio;-74,628077;8,541163
70;sucre;70473;morroa;municipio;-75,305949;9,331395
70;sucre;70508;ovejas;municipio;-75,229037;9,527176
70;sucre;70523;palmito;municipio;-75,541264;9,333157
70;sucre;70670;sampués;municipio;-75,380222;9,183193
70;sucre;70678;san benito abad;municipio;-75,031089;8,930108
70;sucre;70702;san juan de betulia;municipio;-75,243565;9,273066
70;sucre;70708;san marcos;municipio;-75,133831;8,661774
70;sucre;70713;san onofre;municipio;-75,522398;9,736955
70;sucre;70717;san pedro;municipio;-75,063647;9,39625
70;sucre;70742;san luis de sincé;municipio;-75,145999;9,244308
70;sucre;70771;sucre;municipio;-74,723175;8,811737
70;sucre;70820;santiago de tolú;municipio;-75,581112;9,525387
70;sucre;70823;san josé de toluviejo;municipio;-75,44085;9,451819
73;tolima;73001;ibagué;municipio;-75,19425;4,432248
73;tolima;73024;alpujarra;municipio;-74,9329;3,391548
73;tolima;73026;alvarado;municipio;-74,953418;4,567356
73;tolima;73030;ambalema;municipio;-74,764429;4,782682
73;tolima;73043;anzoátegui;municipio;-75,093772;4,631756
73;tolima;73055;armero;municipio;-74,884438;5,030744
73;tolima;73067;ataco;municipio;-75,382545;3,590591
73;tolima;73124;cajamarca;municipio;-75,431971;4,438812
73;tolima;73148;carmen de apicalá;municipio;-74,717633;4,152334
73;tolima;73152;casabianca;municipio;-75,120966;5,078465
73;tolima;73168;chaparral;municipio;-75,480765;3,722918
73;tolima;73200;coello;municipio;-74,898464;4,287276
73;tolima;73217;coyaima;municipio;-75,193862;3,798036
73;tolima;73226;cunday;municipio;-74,692227;4,059259
73;tolima;73236;dolores;municipio;-74,896761;3,539072
73;tolima;73268;espinal;municipio;-74,885446;4,151314
73;tolima;73270;falan;municipio;-74,953007;5,123104
73;tolima;73275;flandes;municipio;-74,818763;4,276373
73;tolima;73283;fresno;municipio;-75,035722;5,153576
73;tolima;73319;guamo;municipio;-74,968135;4,030992
73;tolima;73347;herveo;municipio;-75,177151;5,080228
73;tolima;73349;honda;municipio;-74,75699;5,211816
73;tolima;73352;icononzo;municipio;-74,531969;4,176487
73;tolima;73408;lérida;municipio;-74,910716;4,862046
73;tolima;73411;líbano;municipio;-75,061959;4,92042
73;tolima;73443;san sebastián de mariquita;municipio;-74,889276;5,199708
73;tolima;73449;melgar;municipio;-74,641317;4,203655
73;tolima;73461;murillo;municipio;-75,171022;4,874341
73;tolima;73483;natagaima;municipio;-75,093182;3,624324
73;tolima;73504;ortega;municipio;-75,222601;3,934916
73;tolima;73520;palocabildo;municipio;-75,022167;5,120918
73;tolima;73547;piedras;municipio;-74,878106;4,543951
73;tolima;73555;planadas;municipio;-75,644163;3,197911
73;tolima;73563;prado;municipio;-74,927447;3,750939
73;tolima;73585;purificación;municipio;-74,935555;3,857246
73;tolima;73616;rioblanco;municipio;-75,644069;3,529932
73;tolima;73622;roncesvalles;municipio;-75,605959;4,011567
73;tolima;73624;rovira;municipio;-75,240648;4,239019
73;tolima;73671;saldaña;municipio;-75,016852;3,929815
73;tolima;73675;san antonio;municipio;-75,480074;3,914146
73;tolima;73678;san luis;municipio;-75,095804;4,133721
73;tolima;73686;santa isabel;municipio;-75,097934;4,713606
73;tolima;73770;suárez;municipio;-74,831885;4,048891
73;tolima;73854;valle de san juan;municipio;-75,115669;4,197494
73;tolima;73861;venadillo;municipio;-74,929333;4,717878
73;tolima;73870;villahermosa;municipio;-75,117729;5,030452
73;tolima;73873;villarrica;municipio;-74,600285;3,936902
76;valle del cauca;76001;santiago de cali;municipio;-76,52133;3,413686
76;valle del cauca;76020;alcalá;municipio;-75,779792;4,674994
76;valle del cauca;76036;andalucía;municipio;-76,167925;4,171713
76;valle del cauca;76041;ansermanuevo;municipio;-75,992003;4,794984
76;valle del cauca;76054;argelia;municipio;-76,119905;4,726945
76;valle del cauca;76100;bolívar;municipio;-76,183583;4,337846
76;valle del cauca;76109;buenaventura;municipio;-77,01074;3,875708
76;valle del cauca;76111;guadalajara de buga;municipio;-76,298979;3,900736
76;valle del cauca;76113;bugalagrande;municipio;-76,15682;4,208358
76;valle del cauca;76122;caicedonia;municipio;-75,830594;4,334808
76;valle del cauca;76126;calima;municipio;-76,484132;3,933664
76;valle del cauca;76130;candelaria;municipio;-76,346519;3,408354
76;valle del cauca;76147;cartago;municipio;-75,924374;4,742192
76;valle del cauca;76233;dagua;municipio;-76,68886;3,657318
76;valle del cauca;76243;el águila;municipio;-76,042779;4,906062
76;valle del cauca;76246;el cairo;municipio;-76,221611;4,760874
76;valle del cauca;76248;el cerrito;municipio;-76,311972;3,684229
76;valle del cauca;76250;el dovio;municipio;-76,237084;4,510452
76;valle del cauca;76275;florida;municipio;-76,234199;3,324118
76;valle del cauca;76306;ginebra;municipio;-76,268068;3,724181
76;valle del cauca;76318;guacarí;municipio;-76,330911;3,761815
76;valle del cauca;76364;jamundí;municipio;-76,538472;3,258751
76;valle del cauca;76377;la cumbre;municipio;-76,56805;3,649268
76;valle del cauca;76400;la unión;municipio;-76,099661;4,533869
76;valle del cauca;76403;la victoria;municipio;-76,036529;4,523603
76;valle del cauca;76497;obando;municipio;-75,974709;4,575712
76;valle del cauca;76520;palmira;municipio;-76,298846;3,531544
76;valle del cauca;76563;pradera;municipio;-76,241799;3,419793
76;valle del cauca;76606;restrepo;municipio;-76,523329;3,821351
76;valle del cauca;76616;riofrío;municipio;-76,288313;4,156908
76;valle del cauca;76622;roldanillo;municipio;-76,152277;4,413601
76;valle del cauca;76670;san pedro;municipio;-76,228692;3,995073
76;valle del cauca;76736;sevilla;municipio;-75,931629;4,270714
76;valle del cauca;76823;toro;municipio;-76,076859;4,608085
76;valle del cauca;76828;trujillo;municipio;-76,318818;4,212037
76;valle del cauca;76834;tuluá;municipio;-76,197731;4,085399
76;valle del cauca;76845;ulloa;municipio;-75,737808;4,703623
76;valle del cauca;76863;versalles;municipio;-76,199203;4,575019
76;valle del cauca;76869;vijes;municipio;-76,441804;3,698686
76;valle del cauca;76890;yotoco;municipio;-76,382698;3,861241
76;valle del cauca;76892;yumbo;municipio;-76,499893;3,540097
76;valle del cauca;76895;zarzal;municipio;-76,070795;4,392658
81;arauca;81001;arauca;municipio;-70,747408;7,072726
81;arauca;81065;arauquita;municipio;-71,426733;7,02702
81;arauca;81220;cravo norte;municipio;-70,204286;6,303913
81;arauca;81300;fortul;municipio;-71,76877;6,796695
81;arauca;81591;puerto rondón;municipio;-71,10339;6,281461
81;arauca;81736;saravena;municipio;-71,872812;6,953926
81;arauca;81794;tame;municipio;-71,754427;6,453324
85;casanare;85001;yopal;municipio;-72,396132;5,327102
85;casanare;85010;aguazul;municipio;-72,546838;5,172641
85;casanare;85015;chámeza;municipio;-72,87016;5,214527
85;casanare;85125;hato corozal;municipio;-71,764213;6,154099
85;casanare;85136;la salina;municipio;-72,334978;6,127762
85;casanare;85139;maní;municipio;-72,281384;4,81681
85;casanare;85162;monterrey;municipio;-72,894065;4,877017
85;casanare;85225;nunchía;municipio;-72,195323;5,636474
85;casanare;85230;orocué;municipio;-71,338533;4,790258
85;casanare;85250;paz de ariporo;municipio;-71,890348;5,879827
85;casanare;85263;pore;municipio;-71,99286;5,72773
85;casanare;85279;recetor;municipio;-72,760991;5,229181
85;casanare;85300;sabanalarga;municipio;-73,038696;4,854787
85;casanare;85315;sácama;municipio;-72,250157;6,096738
85;casanare;85325;san luis de palenque;municipio;-71,732198;5,422397
85;casanare;85400;támara;municipio;-72,16165;5,829543
85;casanare;85410;tauramena;municipio;-72,74662;5,018977
85;casanare;85430;trinidad;municipio;-71,662812;5,412178
85;casanare;85440;villanueva;municipio;-72,927797;4,61035
86;putumayo;86001;mocoa;municipio;-76,654238;1,151172
86;putumayo;86219;colón;municipio;-76,972566;1,190133
86;putumayo;86320;orito;municipio;-76,873276;0,663593
86;putumayo;86568;puerto asís;municipio;-76,496887;0,505627
86;putumayo;86569;puerto caicedo;municipio;-76,606118;0,687784
86;putumayo;86571;puerto guzmán;municipio;-76,407663;0,962854
86;putumayo;86573;puerto leguízamo;municipio;-74,781842;-0,192318
86;putumayo;86749;sibundoy;municipio;-76,917814;1,20026
86;putumayo;86755;san francisco;municipio;-76,879283;1,174194
86;putumayo;86757;san miguel;municipio;-76,91217;0,34346
86;putumayo;86760;santiago;municipio;-77,002641;1,147076
86;putumayo;86865;valle del guamuez;municipio;-76,906751;0,423506
86;putumayo;86885;villagarzón;municipio;-76,61721;1,028821
88;archipiélago de san andrés, providencia y santa catalina;88001;san andrés;isla;-81,707181;12,578108
88;archipiélago de san andrés, providencia y santa catalina;88564;providencia;municipio;-81,368386;13,373185
91;amazonas;91001;leticia;municipio;-69,941721;-4,19895
91;amazonas;91263;el encanto;área no municipalizada;-73,207114;-1,74806
91;amazonas;91405;la chorrera;área no municipalizada;-72,791889;-1,442617
91;amazonas;91407;la pedrera;área no municipalizada;-69,585499;-1,320301
91;amazonas;91430;la victoria;área no municipalizada;-71,223208;0,054936
91;amazonas;91460;mirití - paraná;área no municipalizada;-70,98893;-0,888833
91;amazonas;91530;puerto alegría;área no municipalizada;-74,014461;-1,005674
91;amazonas;91536;puerto arica;área no municipalizada;-71,752186;-2,147039
91;amazonas;91540;puerto nariño;municipio;-70,364937;-3,779934
91;amazonas;91669;puerto santander;área no municipalizada;-72,384213;-0,621184
91;amazonas;91798;tarapacá;área no municipalizada;-69,741745;-2,890126
94;guainía;94001;inírida;municipio;-67,918613;3,866764
94;guainía;94343;barrancominas;municipio;-69,814066;3,494178
94;guainía;94883;san felipe;área no municipalizada;-67,067848;1,912495
94;guainía;94884;puerto colombia;área no municipalizada;-67,566774;2,726438
94;guainía;94885;la guadalupe;área no municipalizada;-66,963692;1,632464
94;guainía;94886;cacahual;área no municipalizada;-67,413312;3,52617
94;guainía;94887;pana pana;área no municipalizada;-69,0099;1,865668
94;guainía;94888;morichal;área no municipalizada;-69,919404;2,265132
95;guaviare;95001;san josé del guaviare;municipio;-72,639254;2,565932
95;guaviare;95015;calamar;municipio;-72,655197;1,960982
95;guaviare;95025;el retorno;municipio;-72,627304;2,330164
95;guaviare;95200;miraflores;municipio;-71,950416;1,337539
97;vaupés;97001;mitú;municipio;-70,232641;1,253151
97;vaupés;97161;carurú;municipio;-71,30221;1,016116
97;vaupés;97511;pacoa;área no municipalizada;-71,004339;0,020698
97;vaupés;97666;taraira;municipio;-69,635497;-0,564984
97;vaupés;97777;papunahua;área no municipalizada;-70,76091;1,908124
97;vaupés;97889;yavaraté;área no municipalizada;-69,203337;0,609142
99;vichada;99001;puerto carreño;municipio;-67,487095;6,186636
99;vichada;99524;la primavera;municipio;-70,410515;5,486309
99;vichada;99624;santa rosalía;municipio;-70,859499;5,136393
99;vichada;99773;cumaribo;municipio;-69,795533;4,446352
